X,Y,osm_id,amenity,healthcare,name,operator,source,speciality,operator_t,contact_nu,operationa,opening_ho,beds,staff_doct,staff_nurs,health_ame,dispensing,wheelchair,emergency,insurance,water_sour,electricit,is_in_heal,is_in_heal2,url,addr_house,addr_stree,addr_postc,addr_city,changeset_,changeset_2,changeset_3,changeset_4,location
19.9445631267372,42.5969548489126,1624722125,pharmacy,pharmacy,Državna,,,,,,,,,,,,,,,,,,,,,,,,,82620397,4,2020-03-25 16:54:44+00:00,Kalepom,"Državna, Čaršija, Prnjavor, Plav, Opština Plav, 84325, Crna Gora / Црна Гора"
19.9432506883383,42.5971601217213,1624722145,pharmacy,pharmacy,Prima,,,,,,,,,,,,,,,,,,,,,,,,,82620397,3,2020-03-25 16:54:44+00:00,Kalepom,"Prima, Racina, Ribare, Plav, Opština Plav, 84325, Crna Gora / Црна Гора"
19.8312483453726,42.5639160688116,1664467795,hospital,,Dom zdravlja,,,,,,,,,,,,,,no,,,,,,,,,,,10900793,1,2012-03-07 15:34:55+00:00,emco0mne,"Dom zdravlja, Čaršijska, Gusinje, Opština Gusinje, 84326, Crna Gora / Црна Гора"
18.5159356242274,42.4592428619808,1740288750,pharmacy,,,,,,,,,,,,,,,,,,,,,,,,,,,16661972,3,2013-06-22 21:28:03+00:00,dkiselev,"14, Obala Nikole Kovačevića, Gomila, Igalo, Opština Herceg Novi, 85347, Crna Gora / Црна Гора"
18.5167836213715,42.4595224822706,1740605744,pharmacy,,,,,,,,,,,,,,,,,,,,,,,,,,,16661972,4,2013-06-22 21:28:03+00:00,dkiselev,"Evona, Sava Ilića, Gomila, Igalo, Opština Herceg Novi, 85347, Crna Gora / Црна Гора"
18.5727493374039,42.4513053673135,1804743431,pharmacy,pharmacy,,,,,,,,,,,,,no,,,,,,,,,,,,,106658657,3,2021-06-20 09:37:44+00:00,TheEdgeOfRage,"Merkator SM zelenika hercer novi, Poštarska, Zelenika, Opština Herceg Novi, 85348, Crna Gora / Црна Гора"
19.2438632626167,42.4365893437308,1859911249,hospital,hospital,Institut za bolesti đece,,,,,,,,,,,,,,,,,,,,,bb,Ljubljanska,81000.0,Podgorica,106287192,6,2021-06-13 15:17:06+00:00,Linfindel,"Institut za bolesti djece, Ljubljanska, Kruševac, Podgorica, Glavni grad Podgorica, 81000, Crna Gora / Црна Гора"
18.5313028378677,42.45373385612,1878519294,pharmacy,,Apoteka Veselin,,,,,,,,,,,,no,,,,,,,,,,,,,125453544,2,2022-08-27 18:52:10+00:00,Tr4sK,"Apoteka Veselin, Njegoševa, Topla, Marići, Herceg Novi, Opština Herceg Novi, 85340, Crna Gora / Црна Гора"
18.9247399851009,42.3903699370704,1886672695,pharmacy,pharmacy,,,,,,,,,,,,,,,,,,,,,,,,,,82619897,2,2020-03-25 16:38:27+00:00,Kalepom,"Vista, Ulica Skadarska, Borovik, Cetinje, Prijestolnica Cetinje, 81250, Crna Gora / Црна Гора"
19.2529492456568,42.4441053963065,1973623605,pharmacy,pharmacy,,,,,,,,,,,,,,,,,,,,,,,,,,106287192,3,2021-06-13 15:17:06+00:00,Linfindel,"Benu Apoteka, Svetozara Markovića, Podgorica, Glavni grad Podgorica, 81000, Crna Gora / Црна Гора"
18.5202804675564,42.459534133116,2119424027,dentist,,,,,,,,,,,,,,,,,,,,,,,,,,,14709300,1,2013-01-19 15:44:57+00:00,dkiselev,"15, 29 Decembra, Topla, Herceg Novi, Opština Herceg Novi, 85347, Crna Gora / Црна Гора"
18.559200074743,42.4549894652153,2157899044,pharmacy,pharmacy,,,,,,,,,,,,,no,,,,,,,,,,,,,106658657,3,2021-06-20 09:37:44+00:00,TheEdgeOfRage,"Moj Lab, Narodnog fronta, Meljine, Opština Herceg Novi, 85348, Crna Gora / Црна Гора"
18.6989715791036,42.4309273681371,2178502471,pharmacy,pharmacy,,,,,,,,,,,,,,,,,,,,,,,,,,82620059,2,2020-03-25 16:44:12+00:00,Kalepom,"Apoteka HELP, II. Dalmatinske, Tivat, Opština Tivat, 82000, Crna Gora / Црна Гора"
18.6977564546005,42.4335199746077,2178502429,hospital,hospital,,,,,,,,,,,,,,,,,,,,,,,,,,82620059,3,2020-03-25 16:44:12+00:00,Kalepom,"Emergency Room Accesss, Tivat, Opština Tivat, 82000, Crna Gora / Црна Гора"
18.5438035244416,42.4512964824961,2189776167,pharmacy,pharmacy,,,,,,,,,,,,,no,,,,,,,,,,,,,75634411,2,2019-10-13 20:42:03+00:00,Badojo,"67, Save Kovačevića, Nemila, Herceg Novi, Opština Herceg Novi, 85340, Crna Gora / Црна Гора"
18.5477047974547,42.4508901278303,2189776165,pharmacy,pharmacy,,,,,,,,,,,,,no,,,,,,,,,,,,,106658657,2,2021-06-20 09:37:44+00:00,TheEdgeOfRage,"Scorpion, Bokeljska Mornarica, Savina, Herceg Novi, Opština Herceg Novi, 85340, Crna Gora / Црна Гора"
19.3134748846537,42.4476439843693,2199619244,hospital,,JU Kakaricka Gora,,,,,,,,,,,,,,,,,,,,,,,,,71953103,4,2019-07-06 07:50:12+00:00,Pedja,"JU Kakaricka Gora, Vojvode Vasa Bracanova, Podgorica, Glavni grad Podgorica, 81000, Crna Gora / Црна Гора"
18.9257468193101,42.3874033300802,2200422659,pharmacy,pharmacy,Gradska apoteka,,,,,,,,,,,,,,,,,,,,,,,,,82619897,3,2020-03-25 16:38:27+00:00,Kalepom,"Gradska apoteka, Ulica Njegoševa, Borovik, Cetinje, Prijestolnica Cetinje, 81250, Crna Gora / Црна Гора"
19.2473277546555,42.4365124816787,2203099509,hospital,hospital,Klinika za onkologiju i radioterapiju,,,,,,,,,,,,,,,,,,,,,bb,Ljubljanska,,,106287192,5,2021-06-13 15:17:06+00:00,Linfindel,"Klinika za onkologiju i radioterapiju, Džona Džeksona, Kruševac, Podgorica, Glavni grad Podgorica, 81000, Crna Gora / Црна Гора"
19.2513892896572,42.4412202614151,2234852241,pharmacy,pharmacy,"Apoteka ""Petanović""",,,,,,,,,,,,,,,,,,,,,,,,,106287192,3,2021-06-13 15:17:06+00:00,Linfindel,"Apoteka ""Petanović"", Ivana Vujoševića, Stara Varoš, Podgorica, Glavni grad Podgorica, 81000, Crna Gora / Црна Гора"
18.5550551398047,42.4515471852201,2261622973,hospital,hospital,Porodilište Meljine,,,maternity,,,,,,,,,,,yes,,,,,,,,,,,106658657,3,2021-06-20 09:37:44+00:00,TheEdgeOfRage,"Porodilište Meljine, Braće Grakalić, Savina, Herceg Novi, Opština Herceg Novi, 85340, Crna Gora / Црна Гора"
19.2494115796034,42.4431820458529,2270743823,dentist,dentist,Asteria,,,,,,,,,,,,,,,,,,,,,,,,,106287192,2,2021-06-13 15:17:06+00:00,Linfindel,"Asteria, Bulevar Svetog Petra Cetinjskog, Kruševac, Podgorica, Glavni grad Podgorica, 81000, Crna Gora / Црна Гора"
19.2488326415512,42.4434000591544,2270743857,pharmacy,pharmacy,Lijek,,,,,,,,,,,,,,,,,,,,,,,,,106287192,2,2021-06-13 15:17:06+00:00,Linfindel,"Benu Apoteka, 22, Moskovska, Kruševac, Podgorica, Glavni grad Podgorica, 81000, Crna Gora / Црна Гора"
19.2473094821065,42.4415981176102,2270744090,pharmacy,pharmacy,,,,,,,,,,,,,,,,,,,,,,,,,,106287192,2,2021-06-13 15:17:06+00:00,Linfindel,"Vektra, Moskovska, Kruševac, Podgorica, Glavni grad Podgorica, 81000, Crna Gora / Црна Гора"
18.5252113735554,42.4571039679289,2278747117,doctors,doctor,,,,,,,,,,,,,,,,,,,,,,,,,,76611358,2,2019-11-04 19:51:10+00:00,Badojo,"3, Mića Vavića, Topla, Marići, Herceg Novi, Opština Herceg Novi, 85347, Crna Gora / Црна Гора"
18.5369579403008,42.451539054774,2283108212,pharmacy,pharmacy,,,,,,,,,,,,,,,,,,,,,,,,,,106658657,3,2021-06-20 09:37:44+00:00,TheEdgeOfRage,"1, Stepenište 28. oktobar, Stari grad, Herceg Novi, Opština Herceg Novi, 85340, Crna Gora / Црна Гора"
19.219226669895,41.9291582295187,2290525511,pharmacy,,,,,,,,,,,,,,,,,,,,,,,,,,,15962124,1,2013-05-03 15:56:35+00:00,eLiburnia,"D.Z. Budo Tomovic, Bulevar Boško Strugar - Bulevardi Nëna Terezë, Meraja, Ulcinj - Ulqin, Opština Ulcinj - Komuna e Ulqinit, 85360, Crna Gora / Црна Гора"
19.2193097345554,41.9291423877218,2290525516,hospital,,D.Z. Budo Tomovic,,,,,,,,,,,,,,yes,,,,,,,,,,,15962124,1,2013-05-03 15:56:35+00:00,eLiburnia,"D.Z. Budo Tomovic, Bulevar Boško Strugar - Bulevardi Nëna Terezë, Meraja, Ulcinj - Ulqin, Opština Ulcinj - Komuna e Ulqinit, 85360, Crna Gora / Црна Гора"
20.1651567971723,42.8425006907239,2298195424,pharmacy,pharmacy,,,,,,,,,,,,,,,,,,,,,,,,,,109828329,3,2021-08-17 18:28:30+00:00,Note Control,"Elgrande Henga, Hivzije Ćatovića, Rožaje, Opština Rožaje, 84310, Crna Gora / Црна Гора"
18.5355283228955,42.4515960517155,2306706357,pharmacy,pharmacy,,,,,,,,,,,,,,,,,,,,,,,,,,78086085,2,2019-12-07 12:48:54+00:00,Badojo,"3, Save Kovačevića, Dubrava, Marići, Herceg Novi, Opština Herceg Novi, 85340, Crna Gora / Црна Гора"
18.5365057366246,42.451906182133,2326004401,pharmacy,pharmacy,Paradiso,,,,,,,,,,,,,,,,,,,,,,,,,106658657,3,2021-06-20 09:37:44+00:00,TheEdgeOfRage,"32, Trg Nikole Đurkovića, Dubrava, Marići, Herceg Novi, Opština Herceg Novi, 85340, Crna Gora / Црна Гора"
18.9419648799415,42.2078911272982,2411854561,pharmacy,pharmacy,,,,,,,,,,,,,,,,,,,,,,,,,,77959888,3,2019-12-04 20:45:44+00:00,Badojo,"Garfield, XI, Petrovac na Moru, Opština Budva, 85300, Crna Gora / Црна Гора"
18.9421583342667,42.2080661414365,2411854590,pharmacy,,,,,,,,,,,,,,,,,,,,,,,,,,,17277076,1,2013-08-09 10:29:41+00:00,Eugene Krevenets,"Garfield, XI, Petrovac na Moru, Opština Budva, 85300, Crna Gora / Црна Гора"
19.2626487840092,42.4456952757004,2418334755,hospital,hospital,Emergency Center,,,,,,,,,,,,,,yes,,,,,,,,,,,106287192,3,2021-06-13 15:17:06+00:00,Linfindel,"Fond za zdravstveno osiguranje, Vaka Đurovića, Podgorica, Glavni grad Podgorica, 81110, Crna Gora / Црна Гора"
19.1032031927007,43.1507696550872,2423819266,clinic,,Vojno Odmaraliste,,,,,,,,,,,,,,,,,,,,,,,,,115280543,2,2021-12-23 05:21:54+00:00,Pedja,"Vojno Odmaraliste, Njegoševa, Ivan Do, Pitomine, Opština Žabljak, 84220, Crna Gora / Црна Гора"
18.7698237228103,42.4213375488972,2427822219,pharmacy,,,,,,,,,,,,,,,,,,,,,,,,,,,17452391,1,2013-08-22 09:22:38+00:00,mad_korney,"Altermodus kotor, Put prvoboraca, Kotor, Opština Kotor, 85339, Crna Gora / Црна Гора"
19.2766125317821,42.4353108520397,2430531052,pharmacy,pharmacy,Holos,,,,,,,,,,,,,,,,,,,,,,,,,110566720,4,2021-09-01 12:52:22+00:00,CRCulver,"Holos, Bulevar Pera Ćetkovića, Konik, Podgorica, Glavni grad Podgorica, 20000, Crna Gora / Црна Гора"
18.5288939627146,42.4573687522502,2441580364,dentist,dentist,Veselinović,,,,,,,,,,,,,,,,,,,,,,,,,75611248,2,2019-10-12 22:54:23+00:00,Badojo,"88, Orjenskog Bataljona, Topla, Marići, Herceg Novi, Opština Herceg Novi, 85340, Crna Gora / Црна Гора"
18.5277205800894,42.4577916192653,2441580435,pharmacy,,,,,,,,,,,,,,no,,,,,,,,,,,,,17621258,1,2013-09-01 16:08:49+00:00,dkiselev,"8, Nikole Ljubibratića, Topla, Marići, Herceg Novi, Opština Herceg Novi, 85347, Crna Gora / Црна Гора"
18.8403862717623,42.2899754403525,2465837342,hospital,,Tourist ambulance,,,,,,,,,,,,,,,,,,,,,,,,,51240773,3,2017-08-18 18:45:38+00:00,Alexandr Ivanov,"Dom Zdravlja, Popa Jola Zeca, Budva, Opština Budva, 83510, Crna Gora / Црна Гора"
19.2439055912278,42.4385505414353,2877181745,hospital,hospital,Stomatološka poliklinika,,,,,,,,,,,,,,,,,,,,,bb,Ljubljanska,81000.0,Podgorica,106287192,6,2021-06-13 15:17:06+00:00,Linfindel,"Klinički centar Crne Gore, bb, Ljubljanska, Kruševac, Podgorica, Glavni grad Podgorica, 81000, Crna Gora / Црна Гора"
19.2435743384144,42.4383715878026,2877181746,hospital,hospital,Institut za patologiju,,,,,,,,,,,,,,,,,,,,,,,,,106287192,4,2021-06-13 15:17:06+00:00,Linfindel,"Institut za patologiju, Ljubljanska, Kruševac, Podgorica, Glavni grad Podgorica, 81000, Crna Gora / Црна Гора"
19.2471649780958,42.4377749639347,2877181747,hospital,hospital,Institut za javno zdravlje CG,,,,,,,,,,,,,,,,,,,,,,Džona Džeksona,81000.0,Podgorica,106287192,4,2021-06-13 15:17:06+00:00,Linfindel,"Klinički centar Crne Gore, bb, Ljubljanska, Kruševac, Podgorica, Glavni grad Podgorica, 81000, Crna Gora / Црна Гора"
19.2605310961724,42.4352039827743,2878357639,pharmacy,pharmacy,,,,,,,,,,,,,,,,,,,,,,,,,,106287192,2,2021-06-13 15:17:06+00:00,Linfindel,"Gradić Pejton, Oktobarske revolucije, Stara Varoš, Podgorica, Glavni grad Podgorica, 81108, Crna Gora / Црна Гора"
19.2550009679156,42.4286835326575,2878357638,pharmacy,pharmacy,,,,,,,,,,,,,,,,,,,,,,,Radosava Burića,,Podgorica,106287192,2,2021-06-13 15:17:06+00:00,Linfindel,"Ambasada Turske, Radosava Burića, Pobrežje, Podgorica, Glavni grad Podgorica, 81106, Crna Gora / Црна Гора"
19.7477276255713,43.0350743294022,2914696424,pharmacy,pharmacy,,,,,,,,,,,,,,,,,,,,,,,,,,82620256,3,2020-03-25 16:50:13+00:00,Kalepom,"kuca hemije 17, Tomaša Žižića, Gornja Mahala, Bijelo Polje, Opština Bijelo Polje, 84000, Crna Gora / Црна Гора"
19.7505312883639,43.0358421955519,2914696439,pharmacy,pharmacy,Stanić,,,,,,,,,,,,,,,,,,,,,1,Voja Lješnjaka,,Bijelo Polje,82620256,6,2020-03-25 16:50:13+00:00,Kalepom,"Stanić, 1, Voja Lješnjaka, Stara Pijaca, Bijelo Polje, Opština Bijelo Polje, 84000, Crna Gora / Црна Гора"
19.7483467967588,43.0333341624843,2914696440,pharmacy,pharmacy,,,,,,,,,,,,,,,,,,,,,,,,,,82620256,4,2020-03-25 16:50:13+00:00,Kalepom,"Lepa Brena, Tršova, Stara Pijaca, Bijelo Polje, Opština Bijelo Polje, 84000, Crna Gora / Црна Гора"
19.7498566289774,43.0347737543544,3017302851,pharmacy,pharmacy,Centar,,,,,,,,,,,,,,,,,,,,,,,,,82620256,6,2020-03-25 16:50:13+00:00,Kalepom,"Tri Ćulafa, Đorđa Stanića, Stara Pijaca, Bijelo Polje, Opština Bijelo Polje, 84000, Crna Gora / Црна Гора"
19.7513143257583,43.0355151336901,3035309153,hospital,hospital,Dom Zdravlja,,,,,,,,,,,,,,yes,,,,,,,,,,,82620256,4,2020-03-25 16:50:13+00:00,Kalepom,"Dom Zdravlja, 13 Jula, Stara Pijaca, Bijelo Polje, Opština Bijelo Polje, 84000, Crna Gora / Црна Гора"
19.77183817005,43.0524596538695,3091247681,pharmacy,pharmacy,Apoteka Lijek,,,,,,,,,,,,yes,,,,,,,,,,,,,77458150,5,2019-11-23 12:40:03+00:00,Badojo,"Imperijal, Industrijska, Šurevice, Nedakusi, Resnik, Opština Bijelo Polje, 84000, Crna Gora / Црна Гора"
18.9567628785372,42.7517726238409,3274263377,hospital,hospital,,,,,,,,,,,,,,,,,,,,,,,,,,106286915,2,2021-06-13 15:09:26+00:00,Linfindel,"šavnička ulica, Nikšić, Opština Nikšić, 81400, Crna Gora / Црна Гора"
18.8377187310773,42.2780099382962,3386463702,pharmacy,,Benu,,,,,,,,,,,,,,,,,,,,,,,,,127060089,2,2022-10-05 17:46:21+00:00,5R-MFT,"Benu, Stefan Mitrov Ljubiša, Stari grad, Budva, Opština Budva, 58310, Crna Gora / Црна Гора"
19.7514037606652,43.0357841927819,3516139183,pharmacy,pharmacy,Gušmirović,,,,,,,,,,,,,,,,,,,,,,13 Jul,,Bijelo Polje,82620256,5,2020-03-25 16:50:13+00:00,Kalepom,"Gušmirović, 13 Jula, Stara Pijaca, Bijelo Polje, Opština Bijelo Polje, 84000, Crna Gora / Црна Гора"
19.7475513541476,43.0363583531493,3516178153,pharmacy,pharmacy,,,,,,,,,,,,,,,,,,,,,,,,,,82620256,3,2020-03-25 16:50:13+00:00,Kalepom,"Stara Pijaca, Bijelo Polje, Opština Bijelo Polje, 84000, Crna Gora / Црна Гора"
19.7541453973742,43.0378071651129,3521881577,dentist,,Mrdović,,,,,,,,,,,,,,no,,,,,,,,Ulica 11,,Bijelo Polje,78341246,3,2019-12-13 00:15:30+00:00,hayes9,"Mrdović, Ulica 11, Pruška, Bijelo Polje, Opština Bijelo Polje, 84000, Crna Gora / Црна Гора"
19.7468794607892,43.0331159815447,3521884629,dentist,dentist,Spomenko Zorec,,,,,,,08:00-17:00,,,,,,,,,,,,,,,Slobode,,Bijelo Polje,82620256,5,2020-03-25 16:50:13+00:00,Kalepom,"Spomenko Zorec, Slobode, Stara Pijaca, Bijelo Polje, Opština Bijelo Polje, 84000, Crna Gora / Црна Гора"
19.7341883373752,43.0319733605041,3521887757,dentist,,Idrizović,,,,,,,,,,,,,,,,,,,,,,Vladike Kneževića Volođina,,Bijelo Polje,78334473,2,2019-12-12 18:58:06+00:00,hayes9,"Elektro-Ekonomska Škola, Vladike Kneževića Volođina, Babića brijeg, Bijelo Polje, Opština Bijelo Polje, 84000, Crna Gora / Црна Гора"
19.7494732407263,43.0369488582279,3521888327,dentist,dentist,,,,,,,,,,,,,,,,,,,,,,,Slobodana Penezića,,Bijelo Polje,82620256,3,2020-03-25 16:50:13+00:00,Kalepom,"Milanez, Slobodana Penezića, Gornja Pruška, Bijelo Polje, Opština Bijelo Polje, 84000, Crna Gora / Црна Гора"
19.7743297745873,43.0441929180456,3521974449,dentist,,Apex Dent,,,,,,,,,,,,,,,,,,,,,,Rasovo,,Bijelo Polje,31202882,1,2015-05-16 14:34:42+00:00,dankoknee,"Apex Dent, Resnička, Šurevice, Franca - Mahala, Resnik, Opština Bijelo Polje, 84000, Crna Gora / Црна Гора"
19.7659236477136,43.0469843432595,3521978075,dentist,dentist,Mrdak,,,,,,,,,,,,,,,,,,,,,,Industrijska bb,,Bijelo Polje,77458150,2,2019-11-23 12:40:03+00:00,Badojo,"Mrdak, Industrijska, Šurevice, Nedakusi, Opština Bijelo Polje, 84000, Crna Gora / Црна Гора"
19.0947621971098,42.096082993029,3687864421,pharmacy,,Meditas,,,,,,,Mo-Sa 07:30-21:30,,,,,,,,,,,,,,,,,,126876504,3,2022-10-02 00:02:14+00:00,L29Ah,"2, ulica popa Dukljanina, Topolica, Bar, Opština Bar, 85354, Crna Gora / Црна Гора"
19.8851004807008,42.6614341478174,3767804462,pharmacy,,,,,,,,,,,,,,,,,,,,,,,,,,,34375557,1,2015-10-01 19:09:39+00:00,user_1737004,"Baće, Murino, Opština Plav, 84323, Crna Gora / Црна Гора"
19.3631926462416,43.3598558944744,3882688047,dentist,dentist,Vita Dent,,,,,,,,,,,,,,,,,,,,,,,,,102067735,3,2021-03-31 16:22:06+00:00,Badojo,"Vita Dent, Vuka Karadzića, Pljevlja, Opština Pljevlja, 84210, Crna Gora / Црна Гора"
19.3589529957974,43.3558255401524,3882807861,pharmacy,pharmacy,Benu,,,,,,,,,,,,,,,,,,,,,,,,,109424664,3,2021-08-09 18:54:51+00:00,CRCulver,"Benu, Tršova, Pljevlja, Opština Pljevlja, 84210, Crna Gora / Црна Гора"
19.8720630170476,42.8412031721126,3964813325,pharmacy,,,,,,,,,,,,,,,,,,,,,,,,,,,36782803,1,2016-01-24 19:56:29+00:00,user_1737004,"26, Miljana Vukova, Mahala, Беране, Opština Berane, 84300, Crna Gora / Црна Гора"
19.1206294208556,42.0831473694994,4110478842,doctors,doctor,"Antullus, dr. Martinovič ORL ordinacija",,,,,,,,,,,,,,,,,,,,,,,,,77479778,2,2019-11-24 11:36:51+00:00,Badojo,"Antullus, dr. Martinovič ORL ordinacija, Marka Sekulića, Polje-dio, Polje, Opština Bar, 85354, Crna Gora / Црна Гора"
18.6552704314327,42.4549823405976,4140471437,pharmacy,,,,,,,,,,,,,,,,,,,,,,,,,,,38781606,1,2016-04-22 10:42:15+00:00,vlb44,"Pro Clean Laundry, Jadranska magistrala, Dubravica, Malovići, Bijela, Opština Herceg Novi, 85343, Crna Gora / Црна Гора"
19.1443074591304,43.1993705280772,4208982891,doctors,,Kaljevic,,,,,,,,,,,,,,,,,,,,,,,,,45328868,2,2017-01-20 17:04:33+00:00,user_1737004,"Kaljevic, M-6, Divljaka, Tepačko Polje, Opština Žabljak, 84220, Crna Gora / Црна Гора"
18.8439810185763,42.289120989143,4257651589,clinic,clinic,Ginekolog,,,,,,,,,,,,,,,,,,,,,,,,,109649204,3,2021-08-13 21:06:20+00:00,Note Control,"Ginekolog, Ulica XIII, Budva, Opština Budva, 83510, Crna Gora / Црна Гора"
18.8439488320682,42.2887157241246,4258815790,pharmacy,pharmacy,,,,,,,,,,,,,,,,,,,,,,,,,,109649204,2,2021-08-13 21:06:20+00:00,Note Control,"BENU, Ulica XIII, Budva, Opština Budva, 83510, Crna Gora / Црна Гора"
18.8439883946511,42.2889890579871,4258831489,dentist,dentist,Dental Medika,,,,,,,,,,,,,,,,,,,,,,,,,122826522,4,2022-06-25 06:48:46+00:00,Nuit14,"Dental Medika, Ulica XIII, Budva, Opština Budva, 83510, Crna Gora / Црна Гора"
19.0478881638116,42.1403219236075,4262630194,pharmacy,pharmacy,,,,,,,,,,,,,,,,,,,,,,,,,,76413487,2,2019-10-30 20:08:01+00:00,Badojo,"Sutomorska, Staro Sutomore, Sutomore, Opština Bar, 85000, Crna Gora / Црна Гора"
18.6245108584426,42.4418307992423,4268946490,pharmacy,,,,,,,,,,,,,,,,,,,,,,,,,,,40333246,1,2016-06-27 23:42:19+00:00,VikN,"Otzovice, Jadranska magistrala, Baošići, Opština Herceg Novi, 85434, Crna Gora / Црна Гора"
18.5369515700544,42.451969716959,4272436089,pharmacy,pharmacy,,,,,,,,,,,,,,,,,,,,,,,,,,106658657,2,2021-06-20 09:37:44+00:00,TheEdgeOfRage,"28, Trg Nikole Đurkovića, Dubrava, Marići, Herceg Novi, Opština Herceg Novi, 85340, Crna Gora / Црна Гора"
18.9483595176916,42.7743791196141,4278098197,pharmacy,pharmacy,Apoteka,,,,,,,,,,,,,,,,,,,,,,,,,89309035,3,2020-08-12 14:04:41+00:00,Badojo,"Apoteka, Karađorđeva, Nikšić, Opština Nikšić, 81400, Crna Gora / Црна Гора"
18.881302951199,42.280209517327,4283645591,pharmacy,pharmacy,,,,,,,,,,,,,,,,,,,,,,,,,,112185661,3,2021-10-06 20:07:52+00:00,Arisuaq,"Rafailovići, Opština Budva, 85316, Crna Gora / Црна Гора"
19.0971968885246,42.0990598259411,4285078595,pharmacy,,,,,,,,,,,,,,,,,,,,,,,,,,,78230893,2,2019-12-11 00:26:18+00:00,edc22,"20, ulica Mila Boškovića, Topolica, Bar, Opština Bar, 85354, Crna Gora / Црна Гора"
19.2786043234332,42.4258238787518,4305861995,clinic,,Kina Medika,,,,,,,,,,,,,,,,,,,,,,,,,40779090,1,2016-07-16 12:45:43+00:00,Aleksandar M Andjic,"Kina Medika, Bulevar Veljka Vlahovića, Stari Aerodrom, Podgorica, Glavni grad Podgorica, 20000, Crna Gora / Црна Гора"
18.6517367886928,42.4508019502089,4306494889,clinic,clinic,,,,,,,,,,,,,,,,,,,,,,,,,,101529911,2,2021-03-22 21:21:32+00:00,Badojo,"IDEA, Trg dobrovoljnih davalaca krvi, Dubravica, Bijela, Opština Herceg Novi, 85434, Crna Gora / Црна Гора"
19.359760089254,43.3563533485952,4310957689,pharmacy,pharmacy,Risto Vukotić,,,,,,,,,,,,,,,,,,,,,,,,,109424664,4,2021-08-09 18:54:51+00:00,CRCulver,"Risto Vukotić, Tršova, Pljevlja, Opština Pljevlja, 84210, Crna Gora / Црна Гора"
19.2773657296013,42.434524378065,4318304590,pharmacy,pharmacy,Meditas,,,,,,,,,,,,,,,,,,,,,,,,,110566720,4,2021-09-01 12:52:22+00:00,CRCulver,"Meditas, Bora Stankovića, Stari Aerodrom, Podgorica, Glavni grad Podgorica, 20000, Crna Gora / Црна Гора"
19.2992615238043,42.0018428248972,4318889489,hospital,,Amblulanta Katerkoll,,,,,,,,,,,,,,,,,,,,,,Vladimir Sas bb,,,41000419,1,2016-07-24 23:08:47+00:00,Edon Stanaj,"Amblulanta Katerkoll, M-1, Vladimir, Opština Ulcinj - Komuna e Ulqinit, 85366, Crna Gora / Црна Гора"
19.298790293208,42.0025311467858,4319746091,pharmacy,,,,,,,,,,,,,,,,,,,,,,,,,,,98127555,3,2021-01-25 14:05:19+00:00,Badojo,"vitapharm, M-1, Vladimir, Opština Ulcinj - Komuna e Ulqinit, 85366, Crna Gora / Црна Гора"
19.2427475474853,41.9132287578136,4325637762,pharmacy,,,,,,,,,,,,,,,,,,,,,,,,,,,41091866,1,2016-07-28 18:09:03+00:00,McKai,"Đerana - Gjerana, Opština Ulcinj - Komuna e Ulqinit, 85361, Crna Gora / Црна Гора"
19.2427331306119,41.9132888560594,4325637763,doctors,,,,,,,,,,,,,,,,,,,,,,,,,,,41091866,1,2016-07-28 18:09:03+00:00,McKai,"Đerana - Gjerana, Opština Ulcinj - Komuna e Ulqinit, 85361, Crna Gora / Црна Гора"
19.2490952465777,42.4229867721656,4327757091,doctors,,JZU Zabjelo,,,,,,,Mo-Fr 06:00-20:00,,,,,,,,,,,,,,,Jerevanska,,,44408188,2,2016-12-14 20:57:15+00:00,Rade Stijepović,"JZU Zabjelo, Jerevanska, Zabjelo, Podgorica, Glavni grad Podgorica, 81106, Crna Gora / Црна Гора"
19.2611699648323,42.4365091289174,4344444932,pharmacy,pharmacy,Petanović,,,,,,,,,,,,,,,,,,,,,,,,,106287192,4,2021-06-13 15:17:06+00:00,Linfindel,"Metalka, Kralja Nikole, Stara Varoš, Podgorica, Glavni grad Podgorica, 81108, Crna Gora / Црна Гора"
19.584146319418,42.9625703640371,4366592891,hospital,,,,,,,,,,,,,,,,,,,,,,,,,,,41693509,1,2016-08-25 16:54:11+00:00,Nikola Minic,"DOM ZDRAVLJA MOJKOVAC, Njegoševa, Ravni, Babića Polje, Opština Mojkovac, 84205, Crna Gora / Црна Гора"
19.5802302942554,42.9600597325795,4366597290,pharmacy,,,,,,,,,,,,,,,,,,,,,,,,,,,41694002,1,2016-08-25 17:11:25+00:00,Nikola Minic,"Idea mojkovac objekat gradac, Valjevska, Babića Polje, Opština Mojkovac, 84205, Crna Gora / Црна Гора"
19.5804371596257,42.9628340587109,4366597291,pharmacy,,,,,,,,,,,,,,,,,,,,,,,,,,,41694002,1,2016-08-25 17:11:26+00:00,Nikola Minic,"LUKA, Njegoševa, Ravni, Babića Polje, Opština Mojkovac, 84205, Crna Gora / Црна Гора"
19.2477735880853,42.4262455723005,4370845318,dentist,,Bamident,,,,,,,,,,,,,,,,,,,,,,Vojvode Ilije Plamenca,,,44408188,2,2016-12-14 20:57:15+00:00,Rade Stijepović,"Bamident, Vojvode Ilije Plamenca, Zabjelo, Podgorica, Glavni grad Podgorica, 81101, Crna Gora / Црна Гора"
19.2501163300223,42.4421016185338,4378782589,pharmacy,pharmacy,,,,,,,,,,,,,,,,,,,,,,,,,,106287192,2,2021-06-13 15:17:06+00:00,Linfindel,"Medeonfarm, Bulevar Svetog Petra Cetinjskog, Kruševac, Podgorica, Glavni grad Podgorica, 81000, Crna Gora / Црна Гора"
19.2638045646378,42.4405308498791,4398175789,pharmacy,pharmacy,Lijek,,,,,,,,,,,,,,,,,,,,,,,,,106287192,2,2021-06-13 15:17:06+00:00,Linfindel,"6, Novaka Miloševa, Drač, Podgorica, Glavni grad Podgorica, 81110, Crna Gora / Црна Гора"
18.9256931751298,42.3878891451882,4400723589,pharmacy,pharmacy,Tea Medica,,,,,,,,,,,,,,,,,,,,,,,,,82619897,2,2020-03-25 16:38:27+00:00,Kalepom,"Tea Medica, Ulica Njegoševa, Borovik, Cetinje, Prijestolnica Cetinje, 81250, Crna Gora / Црна Гора"
19.2667217183993,42.433906380344,4400732592,pharmacy,pharmacy,Tea Medica,,,,,,,,,,,,,,,,,,,,,,,,,125894685,3,2022-09-07 10:24:35+00:00,soliMM,"Tea Medica, Oktobarske revolucije, Drač, Podgorica, Glavni grad Podgorica, 81108, Crna Gora / Црна Гора"
19.2680233441431,42.4324912636312,4400738289,pharmacy,pharmacy,Nova Pharmacy,,,,,,,Mo-Su 08:00-21:00,,,,,,,,,,,,,,,,,,123289516,4,2022-07-06 18:55:38+00:00,klisanor,"Autobuska stanica Podgorica, 2, Trg Golootočkih žrtava, Drač, Podgorica, Glavni grad Podgorica, 81000, Crna Gora / Црна Гора"
18.9263402580548,42.3875072656796,4400801392,pharmacy,pharmacy,,,,,,,,,,,,,,,,,,,,,,,,,,82619897,2,2020-03-25 16:38:27+00:00,Kalepom,"Merkator SM (idea 2), Ulica Vojvode Batrića, Borovik, Cetinje, Prijestolnica Cetinje, 81250, Crna Gora / Црна Гора"
19.2654956974221,42.4432486819831,4401310290,hospital,hospital,Feniks Medika,,,,,,,,,,,,,,,,,,,,,,,,,106287192,2,2021-06-13 15:17:06+00:00,Linfindel,"Feniks Medika, 58/3, Bulevar Ivana Crnojevića, Podgorica, Glavni grad Podgorica, 81000, Crna Gora / Црна Гора"
18.9419646284844,42.2073120216079,4407544491,pharmacy,,,,,,,,,,,,,,,,,,,,,,,,,,,42259529,1,2016-09-19 01:16:17+00:00,Francois555,"Lijek, I, Petrovac na Moru, Opština Budva, 85300, Crna Gora / Црна Гора"
18.9481668177376,42.7718488745031,4413211196,pharmacy,pharmacy,,,,,,,,,,,,,,,,,,,,,,,,,,71559748,2,2019-06-24 12:33:06+00:00,requiem_mn,"Jedi kao šef, Njegoševa, Nikšić, Opština Nikšić, 81400, Crna Gora / Црна Гора"
18.9494922480865,42.7741609386744,4413211192,pharmacy,pharmacy,,,,,,,,,,,,,,,,,,,,,,,,,,82619748,2,2020-03-25 16:32:54+00:00,Kalepom,"???, Trg Slobode, Nikšić, Opština Nikšić, 81400, Crna Gora / Црна Гора"
18.9491895775629,42.775432892481,4413297490,pharmacy,pharmacy,,,,,,,,,,,,,,,,,,,,,,,,,,82619748,2,2020-03-25 16:32:54+00:00,Kalepom,"Akademija, Narodnih heroja, Nikšić, Opština Nikšić, 81400, Crna Gora / Црна Гора"
18.9495476524664,42.767989846282,4413902391,,pharmacy,,,,,,,,,,,,,,,,,,,,,,,,,,71246256,2,2019-06-14 09:38:53+00:00,requiem_mn,"Voli, Bulevar 13. Jul, Nikšić, Opština Nikšić, 81400, Crna Gora / Црна Гора"
19.24370283299,42.4401650636246,4415230789,pharmacy,pharmacy,,,,,,,,,,,,,,,,,,,,,,,,,,106287192,2,2021-06-13 15:17:06+00:00,Linfindel,"The Capital Plaza, Bulevar knjaza Danila Petrovića, Kruševac, Podgorica, Glavni grad Podgorica, 81000, Crna Gora / Црна Гора"
19.2656877268238,42.4432124721614,4440180691,clinic,clinic,,,,,,,,Mo-sa 07:00-21:00,,,,,,,,,,,,,,58,Bulevar Ivana Crnojevića,20000.0,,106287192,3,2021-06-13 15:17:06+00:00,Linfindel,"In Vitro Biohemijska i mikrobioloska laboratorija, 58, Bulevar Ivana Crnojevića, Podgorica, Glavni grad Podgorica, 20000, Crna Gora / Црна Гора"
19.278904898481,42.4349632545151,4440227989,clinic,clinic,In Vitro Plus,,,,,,,Mo-Sa 07:00-21:00,,,,,,,,,,,,,,,,20000.0,,110581975,3,2021-09-01 19:06:26+00:00,CRCulver,"45,47,49,51, Bulevar Pera Ćetkovića, Stari Aerodrom, Podgorica, Glavni grad Podgorica, 20000, Crna Gora / Црна Гора"
19.0992998242119,42.0998729543679,4464860091,dentist,dentist,Pavlin,,,,,,,,,,,,,,,,,,,,,,,,,123541071,4,2022-07-13 02:37:59+00:00,L29Ah,"1, Dinastije Balšić, Makedonsko naselje, Bar, Opština Bar, 85354, Crna Gora / Црна Гора"
18.6991472637941,42.4308892304776,4505036492,hospital,hospital,,,,,,,,,,,,,,,,,,,,,,,II. Dalmatinske,,,82620059,2,2020-03-25 16:44:12+00:00,Kalepom,"детская клиника, II. Dalmatinske, Tivat, Opština Tivat, 82000, Crna Gora / Црна Гора"
19.8654522938337,42.8431542277143,4505495090,clinic,,,,,,,,,,,,,,,,,,,,,,,,,,,68754435,2,2019-04-01 13:23:37+00:00,Pedja,"Тесла, Milorada Jovančevića, Novo naselje, Беране, Opština Berane, 84300, Crna Gora / Црна Гора"
19.8731907183005,42.8471220530386,4505495091,dentist,dentist,,,,,,,,,,,,,,,,,,,,,,,Svetog Save,,,82620342,2,2020-03-25 16:52:52+00:00,Kalepom,"Zubar Ranko Cimbaljevic, Svetog Save, Novo naselje, Беране, Opština Berane, 84300, Crna Gora / Црна Гора"
19.8737670579628,42.8468836717124,4505495093,dentist,dentist,,,,,,,,,,,,,,,,,,,,,,,,,,82620342,2,2020-03-25 16:52:52+00:00,Kalepom,"Snimanje zuba, Mitropolita Pajsije, Novo naselje, Беране, Opština Berane, 84300, Crna Gora / Црна Гора"
19.2792360674754,42.430620758119,4545199789,pharmacy,pharmacy,Apoteka Benu,Benu,,,,,,,,,,,,,,,,,,,,31,Cvijetna,81000.0,Podgorica,106287237,4,2021-06-13 15:18:34+00:00,Linfindel,"Apoteka Benu, 31, Cvijetna, Stari Aerodrom, Podgorica, Glavni grad Podgorica, 81000, Crna Gora / Црна Гора"
18.7719161811185,42.4265838659126,4560975489,dentist,,,,,,,,,,,,,,,,,,,,,,,,,,,44504530,1,2016-12-19 01:22:40+00:00,Matija88,"Osnovna škola ""Njegoš"", Tabaćina, Tabačina, Kotor, Opština Kotor, 85330, Crna Gora / Црна Гора"
19.1237923320181,42.0863504299781,4586773623,pharmacy,pharmacy,Apoteka Stari Grad,,,,,,,Mo-Su 08:00-20:00,,,,,,,,,,,,,,,,,,126100811,4,2022-09-12 17:41:08+00:00,L29Ah,"Apoteka Stari Grad, M-1, Gornja Čeluga, Čeluga, Opština Bar, 85354, Crna Gora / Црна Гора"
19.2792106703088,42.4305561336455,4590993466,clinic,clinic,Laboratorija Bona-lab,,,,,,,,,,,,,,,,,,,,,,Mirka Banjevića,81000.0,Podgorica,106287237,3,2021-06-13 15:18:34+00:00,Linfindel,"Laboratorija Bona-lab, Mirka Banjevića, Stari Aerodrom, Podgorica, Glavni grad Podgorica, 81000, Crna Gora / Црна Гора"
18.8439658473316,42.2889515908799,417793397,hospital,hospital,Ordinacija Laboratorija,,,,,,,Mo-Su 08:00-20:00,,,,,,,,,,,,,,,Jadranski put,,,122826522,4,2022-06-25 06:48:46+00:00,Nuit14,"Ordinacija Laboratorija, Jadranski put, Budva, Opština Budva, 83510, Crna Gora / Црна Гора"
19.3385453246838,42.0764830859242,4611787992,dentist,dentist,,Smajl,,dentistry,,,,,,,,,,,,,,,,,,,,,,72968964,3,2019-08-03 12:28:34+00:00,Badojo,"R-15, Curaj, Braiša - Brajsh, Opština Ulcinj - Komuna e Ulqinit, 85306, Crna Gora / Црна Гора"
19.3292849980577,42.0765729399262,4611805094,dentist,,,,,,,,,,,,,,,,,,,,,,,,,,,45214765,1,2017-01-16 12:41:51+00:00,Castellanamaps,"Smajl Gjençi, R-15, Curaj, Arbnež, Opština Bar, 85306, Crna Gora / Црна Гора"
19.2435396373352,42.4461104313646,427621908,pharmacy,pharmacy,,,,,,,,,,,,,,,,,,,,,,,,,,106287192,2,2021-06-13 15:17:06+00:00,Linfindel,"Dom zdravlja Blok 5, 6, Trg Nikole Kovačevića, Podgorica, Glavni grad Podgorica, 81000, Crna Gora / Црна Гора"
19.2494080592041,42.4228652345696,4828438389,pharmacy,,MEDITAS apoteka,,,,,,,,,,,,,,,,,,,,,34,Jerevanska,,Podgorica,48303269,1,2017-05-01 10:31:22+00:00,Rade Stijepović,"MEDITAS apoteka, 34, Jerevanska, Zabjelo, Podgorica, Glavni grad Podgorica, 81106, Crna Gora / Црна Гора"
20.1699838513909,42.8442304640818,4837421429,pharmacy,pharmacy,"Apoteka ""Hamas""",,,,,,,,,,,,,,,,,,,,,,,,,109828329,2,2021-08-17 18:28:30+00:00,Note Control,"Apoteka ""Hamas"", 30. septembar, Bandžovo brdo, Rožaje, Opština Rožaje, 84310, Crna Gora / Црна Гора"
19.1247990824083,43.1557873976029,4852820629,hospital,,Zdravstvena stanica Žabljak,,,,,,,,,,,,,,,,,,,,,,,,,48662288,1,2017-05-14 00:20:40+00:00,Durmitology,"Zdravstvena stanica Žabljak, Jakova Ostojića, Pendrek do, Žabljak, Opština Žabljak, 84220, Crna Gora / Црна Гора"
19.2493939776068,42.4228601216087,4854020723,pharmacy,,,,,,,,,Mo-Sa 07:00-21:00; Su 08:00-14:00,,,,,,,,,,,,,,34,Jerevanska,,,48680559,1,2017-05-14 18:36:35+00:00,Rade Stijepović,"Meditas apoteka, 34, Jerevanska, Zabjelo, Podgorica, Glavni grad Podgorica, 81106, Crna Gora / Црна Гора"
19.7931899787371,42.7337003185895,4861237323,hospital,,Dom zdravlja,,,,,,,,,,,,,,,,,,,,,,,,,54145582,3,2017-11-28 11:40:44+00:00,user_1737004,"Dom zdravlja, R-2, Bandovića most, Pode, Andrijevica, Opština Andrijevica, 84320, Crna Gora / Црна Гора"
19.1287476293552,43.1539219212327,4876237087,dentist,,,,,,,,,,,,,,,,,,,,,,,,,,,76667418,2,2019-11-05 20:46:22+00:00,Epheo,"Pendrek do, Žabljak, Opština Žabljak, 84220, Crna Gora / Црна Гора"
18.9274973797879,42.3896409629514,454398605,hospital,hospital,Dom zdravlja Cetinje,,,,,,,,,,,,,,,,,,,,,,,,,82619897,6,2020-03-25 16:38:27+00:00,Kalepom,"Dom zdravlja Cetinje, Ulica Vuka Mićunovića, Borovik, Cetinje, Prijestolnica Cetinje, 81250, Crna Gora / Црна Гора"
18.7542497276187,42.3681049200326,4912901321,doctors,doctor,,,,,,,,,,,,,,,,,,,,,,,,,,76927434,2,2019-11-11 19:37:50+00:00,Badojo,"M-1, Radanovići, Opština Kotor, Crna Gora / Црна Гора"
19.2679784171421,42.4633689376369,4964397221,clinic,,,,,,,,,,,,,,,,,,,,,,,,Piperska,81000.0,,50209617,1,2017-07-11 18:48:06+00:00,Goran Delibasic,"Hipokrat, Piperska, Zagorič, Podgorica, Glavni grad Podgorica, 81000, Crna Gora / Црна Гора"
19.2662080753728,42.4400047178169,4966272709,pharmacy,pharmacy,,,,,,,,,,,,,,,,,,,,,,,,,,106287192,2,2021-06-13 15:17:06+00:00,Linfindel,"35, Novaka Miloševa, Drač, Podgorica, Glavni grad Podgorica, 20000, Crna Gora / Црна Гора"
19.2697109565281,42.4406027666083,4966272708,pharmacy,pharmacy,Tea Medica 19,,,,,,,,,,,,,,,,,,,,,,,,,110523844,3,2021-08-31 16:46:53+00:00,CRCulver,"Tea Medica 19, IV Proleterske brigade, Drač, Podgorica, Glavni grad Podgorica, 20000, Crna Gora / Црна Гора"
19.2387502178619,41.9287349434085,4990321124,dentist,,,,,,,,,,,,,,,,,,,,,,,,,,,50531396,1,2017-07-24 15:15:16+00:00,Adrian Aliaj,"Llolla Dent, M-1, Gač - Gaçi, Pistula - Pistullë, Opština Ulcinj - Komuna e Ulqinit, 85360, Crna Gora / Црна Гора"
19.8328392305949,42.5634870830072,5003805623,pharmacy,,,,,,,,,,,,,,,,,,,,,,,,,,,50702924,1,2017-07-30 20:58:12+00:00,AlexeyPG,"Cafe centar, Čaršijska, Gusinje, Opština Gusinje, 84326, Crna Gora / Црна Гора"
19.3297002375409,42.3652950546317,5003817324,pharmacy,pharmacy,,,,,,,,,,,,,,,,,,,,,,,,,,102416195,2,2021-04-06 14:55:05+00:00,Badojo,"M-4, Tuzi, Opština Tuzi, 81206, Crna Gora / Црна Гора"
19.2680372581024,42.4632232601598,5012186753,hospital,,,,,,,,,,,,,,,,,,,,,,,,,,,50811629,1,2017-08-03 14:55:56+00:00,AlexeyPG,"Hipokrat centar za magnentu rezonancu, Piperska, Zagorič, Podgorica, Glavni grad Podgorica, 80001, Crna Gora / Црна Гора"
18.841880262184,42.2908272931721,5130865144,pharmacy,pharmacy,,,,,,,,Mo-Sa 08:00-22:00; Su 09:00-17:00,,,,,,,,,,,,,,,,,,109649204,3,2021-08-13 21:06:20+00:00,Note Control,"37, Mainski put, Budva, Opština Budva, 83510, Crna Gora / Црна Гора"
19.2737708989682,42.4443980923653,5209068321,dentist,dentist,,,,,,,,Mo-Sa 09:00-21:00,,,,,,,,,,,,,,21,Atinska,81000.0,,119858777,3,2022-04-18 13:13:45+00:00,soliMM,"21, Atinska, Podgorica, Glavni grad Podgorica, 81000, Crna Gora / Црна Гора"
19.7923634392651,42.7333444229807,5252070744,pharmacy,,Apoteka,,,,,,,,,,,,,,,,,,,,,,,,,54149046,1,2017-11-28 13:29:13+00:00,user_1737004,"Apoteka, R-2, Bandovića most, Pode, Andrijevica, Opština Andrijevica, 84320, Crna Gora / Црна Гора"
19.2353817824335,42.4402075598737,5421851684,dentist,dentist,Dent-ES,,,orthodontics;dentist,,,,Mo-Su 09:00-21:00,,,,,,,,,,,,,,2-7/L-3C,Vojvode Maša Đurovića,81000.0,Podgorica,111359279,3,2021-09-18 02:23:06+00:00,CRCulver,"Dent-ES, 2-7/L-3C, Vojvode Maša Đurovića, Kruševac, Podgorica, Glavni grad Podgorica, 81000, Crna Gora / Црна Гора"
19.2244242880529,42.452434577309,5461933491,pharmacy,pharmacy,Apoteka Montefarm,,,,,,,,,,,,yes,,,,,,,,,34,Ivangradska,81000.0,Podgorica,56965509,2,2018-03-07 11:36:24+00:00,SMNE,"34, Ivangradska, Tološi, Podgorica, Glavni grad Podgorica, 81000, Crna Gora / Црна Гора"
19.2245576441323,42.4524363375087,5461934246,hospital,hospital,Dom zdravlja Tološi,,,general,,,,,,,,,,,,,,,,,,34,Ivangradska,81000.0,Podgorica,69633323,3,2019-04-27 08:16:01+00:00,Pedja,"34, Ivangradska, Tološi, Podgorica, Glavni grad Podgorica, 81000, Crna Gora / Црна Гора"
19.237799793861,42.4489463644843,5462609109,pharmacy,pharmacy,Apoteka Lijek,,,,,,,,,,,,yes,,,,,,,,,,Đoka Miraševića,,,57742569,4,2018-04-02 15:16:42+00:00,SMNE,"M3, Đoka Miraševića, Podgorica, Glavni grad Podgorica, 81000, Crna Gora / Црна Гора"
19.2340218186436,42.4512628710644,5462619846,pharmacy,pharmacy,,,,,,,,,,,,,yes,,,,,,,,,,Jelene Ćetković,,Podgorica,56974601,1,2018-03-07 16:38:39+00:00,SMNE,"Sava Čelebića, Podgorica, Glavni grad Podgorica, 81103, Crna Gora / Црна Гора"
19.2461001411167,42.4382477870927,5552382277,pharmacy,pharmacy,,,,,,,,,,,,,yes,,,,,,,,,,,,,58088244,1,2018-04-14 12:28:46+00:00,SMNE,"Klinički centar Crne Gore, bb, Ljubljanska, Kruševac, Podgorica, Glavni grad Podgorica, 81000, Crna Gora / Црна Гора"
19.2790508274153,42.4348564690687,5562123465,doctors,doctor,Hirurški centar,,,,,,,,,,,,,,,,,,,,,,,,,106287237,2,2021-06-13 15:18:34+00:00,Linfindel,"Hirurški centar, Avda Međedovića, Stari Aerodrom, Podgorica, Glavni grad Podgorica, 20000, Crna Gora / Црна Гора"
19.2795205492691,42.4346186744757,5562123466,doctors,doctor,Hirurški centar,,,,,,,,,,,,,,,,,,,,,,,,,106287237,2,2021-06-13 15:18:34+00:00,Linfindel,"Hirurški centar, Bulevar Pera Ćetkovića, Stari Aerodrom, Podgorica, Glavni grad Podgorica, 20000, Crna Gora / Црна Гора"
18.7706725581446,42.4240513576877,5715986249,pharmacy,pharmacy,,,,,,,,,,,,,yes,,,,,,,,,,,,,60129000,1,2018-06-24 20:03:40+00:00,Matija88,"Гимназия, Pjaca od Brašna, Tabačina, Špiljari, Kotor, Opština Kotor, 85330, Crna Gora / Црна Гора"
18.7712478919785,42.4257932848052,5715999066,pharmacy,pharmacy,Benu,,,,,,,Mo-Su 08:00-22:00,,,,,yes,,,,,,,,,,,85330.0,Kotor,125488238,2,2022-08-28 17:38:10+00:00,Tr4sK,"Benu, Pjaca od mlijeka, Tabačina, Špiljari, Kotor, Opština Kotor, 85330, Crna Gora / Црна Гора"
19.2229143720152,42.4260855617689,5778031963,doctors,,,,,,,,,,,,,,,,,,,,,,,,,,,60965739,1,2018-07-23 01:00:27+00:00,Mario Tošić,"Pošta CG, Dušana Duće Mugoše, Donja Gorica, Podgorica, Glavni grad Podgorica, 81111, Crna Gora / Црна Гора"
19.2228339895638,42.4261566403078,5778032067,pharmacy,,,,,,,,,,,,,,,,,,,,,,,,,,,60965739,1,2018-07-23 01:00:28+00:00,Mario Tošić,"Pošta CG, Dušana Duće Mugoše, Donja Gorica, Podgorica, Glavni grad Podgorica, 81111, Crna Gora / Црна Гора"
18.7651661506738,42.4361564184319,5804726454,pharmacy,,"Apoteka ""Dobrota""",,,,,,,,,,,,,,,,,,,,,,,,,61306902,1,2018-08-02 18:20:46+00:00,rominf,"Apoteka ""Dobrota"", Put I Bokeljske Brigade, Plagente, Dobrota, Opština Kotor, 85330, Crna Gora / Црна Гора"
19.8311853972797,42.56385387509,5884006586,pharmacy,,,,,,,,,,,,,,,,,,,,,,,,,,,62299968,1,2018-09-05 06:27:30+00:00,calli3756,"Dom zdravlja, Čaršijska, Gusinje, Opština Gusinje, 84326, Crna Gora / Црна Гора"
18.9506273254142,42.7771905775765,5887341786,pharmacy,pharmacy,Remedia,,,,,,,Mo-Fr 07:30-21:00,,,,,yes,,,,,,,,,12,Nikole Tesle,81400.0,Nikšić,62336889,1,2018-09-06 09:40:12+00:00,Cesha,"Remedia, 12, Nikole Tesle, Nikšić, Opština Nikšić, 81400, Crna Gora / Црна Гора"
18.5417819770342,42.4521467427541,5901465386,dentist,dentist,Dr Kukoljac,,,,,,,Mo-Sa 09:00-16:00,,,,,,,,,,,,,,72,,,,106658657,3,2021-06-20 09:37:44+00:00,TheEdgeOfRage,"28, Стијепа Шаренца - Stijepa Šarenca, Dubrava, Marići, Herceg Novi, Opština Herceg Novi, 85340, Crna Gora / Црна Гора"
20.1654181449132,42.8407161835383,6306649111,hospital,hospital,,,,,,,,,,,,,,,yes,,,,,,,,m-5,84310.0,Rožaje,77191935,3,2019-11-17 15:33:04+00:00,Alen,"Hitna pomoć, M-5, Rožaje, Opština Rožaje, 84310, Crna Gora / Црна Гора"
19.2530925762011,42.4443960807085,6311120385,pharmacy,pharmacy,,,,,,,,,,,,,,,,,,,,,,,,,,106287192,2,2021-06-13 15:17:06+00:00,Linfindel,"Tea Medica, Svetozara Markovića, Podgorica, Glavni grad Podgorica, 81000, Crna Gora / Црна Гора"
19.2522307489168,42.4432899209467,6311138985,pharmacy,pharmacy,,,,,,,,,,,,,,,,,,,,,,,,,,106287192,2,2021-06-13 15:17:06+00:00,Linfindel,"Apoteka Meditas, Svetozara Markovića, Podgorica, Glavni grad Podgorica, 81000, Crna Gora / Црна Гора"
18.9448050878318,42.7776708606284,6364577085,doctors,doctor,,,,,,,,,,,,,,,,,,,,,,,,,,106839656,4,2021-06-23 12:50:09+00:00,Linfindel,"Opšta bolnica Nikšić, Peka Pavlovića, Nikšić, Opština Nikšić, 81400, Crna Gora / Црна Гора"
18.8386168520024,42.2895124240213,6533833185,pharmacy,pharmacy,Benu,,,,,,,24/7,,,,,,,,,,,,,,,,,,109649204,2,2021-08-13 21:06:20+00:00,Note Control,"Benu, Popa Jola Zeca, Budva, Opština Budva, 83510, Crna Gora / Црна Гора"
18.8671908437399,42.2818781866108,6578569386,pharmacy,pharmacy,,,,,,,,Mo-Su 08:00-22:00,,,,,,,,,,,,,,,,,,112185661,2,2021-10-06 20:07:52+00:00,Arisuaq,"Hotel Splendid, Jadranski put, Bečići, Opština Budva, 85316, Crna Gora / Црна Гора"
18.8390629368893,42.2915486397592,6633029589,clinic,clinic,,,,,,,,,,,,,,,,,,,,,,11,,,,109649204,3,2021-08-13 21:06:20+00:00,Note Control,"Centar za očne bolesti Miljković & Jankov, 11, I ulica, Budva, Opština Budva, 83510, Crna Gora / Црна Гора"
18.8438152245316,42.2885258740177,6797488285,pharmacy,pharmacy,,,,,,,,,,,,,,no,,,,,,,,,,,,123503101,3,2022-07-12 08:55:38+00:00,wheelmap_visitor,"Аптека, Jadranski put, Budva, Opština Budva, 83510, Crna Gora / Црна Гора"
18.5136969855278,42.4594907986766,6800404313,pharmacy,,,,,,,,,,,,,,,,,,,,,,,,,,,74549020,1,2019-09-16 20:09:35+00:00,droogi,"44, Sava Ilića, Gomila, Igalo, Opština Herceg Novi, 85347, Crna Gora / Црна Гора"
19.2939868759563,42.461779058243,6815368389,pharmacy,,Help,,,,,,,,,,,,,,,,,,,,,,,,,119548453,2,2022-04-10 19:25:37+00:00,soliMM,"Help, Pljevaljska, Zlatica, Podgorica, Glavni grad Podgorica, 80001, Crna Gora / Црна Гора"
18.4922326917001,42.4576868454756,6817893787,pharmacy,pharmacy,,,,,,,,,,,,,,,,,,,,,,,,,,114055495,2,2021-11-21 12:16:23+00:00,rene78,"HDL Novi Mall, Jadranska, Čeprnjića krivine, Sutorina, Opština Herceg Novi, 83547, Crna Gora / Црна Гора"
18.5737211352579,42.4501100241019,6827954085,dentist,dentist,,,,,,,,,,,,,,,,,,,,,,,,,,106658657,2,2021-06-20 09:37:44+00:00,TheEdgeOfRage,"Kotasevich, Sunčana obala, Donji Sasovići, Zelenika, Opština Herceg Novi, 85348, Crna Gora / Црна Гора"
18.557298556189,42.4551464582618,6827952688,pharmacy,pharmacy,,,,,,,,,,,,,,,,,,,,,,,,,,106658657,2,2021-06-20 09:37:44+00:00,TheEdgeOfRage,"Bimedica, Zemunska, Savina, Meljine, Opština Herceg Novi, 85348, Crna Gora / Црна Гора"
19.1301524363271,43.1524270926207,6877263551,pharmacy,pharmacy,,,,,,,,,,,,,yes,,,,,,,,,,,,,75646272,1,2019-10-14 07:33:21+00:00,Durmitology,"Aroma, M-6, Pendrek do, Žabljak, Opština Žabljak, 84220, Crna Gora / Црна Гора"
18.6986481214601,42.5144384487496,776854538,hospital,,,,,,,,,,,,,,,,,,,,,,,,,,,18026391,2,2013-09-25 11:47:01+00:00,Слоняка,"Ju vaso cukovic risan, Pjescina N.N., Risan, Opština Kotor, 85337, Crna Gora / Црна Гора"
18.8604937869233,42.2835260687747,7005144196,dentist,dentist,,,,,,,,,,,,,,,,,,,,,,,,,,77541979,2,2019-11-25 20:12:58+00:00,Badojo,"Jadranski put, Boreti, Opština Budva, 33000, Crna Gora / Црна Гора"
19.1208004954993,43.1546801481937,783104359,pharmacy,pharmacy,,,,,,,,,,,,,,,,,,,,,,,,,,110197105,6,2021-08-24 23:10:58+00:00,dizajnmario,"Prva banka, Vuka Karadžića, Pendrek do, Žabljak, Opština Žabljak, 84220, Crna Gora / Црна Гора"
18.9451415374252,42.7783256549043,7273775798,pharmacy,pharmacy,,,,,,,,,,,,,,,,,,,,,,,,,,106839656,2,2021-06-23 12:50:09+00:00,Linfindel,"Remedia, Dr Nika Miljanića, Nikšić, Opština Nikšić, 81400, Crna Gora / Црна Гора"
18.9453646636877,42.7775147895913,7276271886,doctors,doctor,,,,,,,,,,,,,,,,,,,,,,,,,,106839656,3,2021-06-23 12:50:09+00:00,Linfindel,"Opšta bolnica Nikšić, Peka Pavlovića, Nikšić, Opština Nikšić, 81400, Crna Gora / Црна Гора"
18.6966702437683,42.4311959243147,7359837827,pharmacy,pharmacy,Bosiljak,,,,,,,,,,,,yes,,,,,,,,,,,,,82996239,1,2020-04-02 18:48:52+00:00,Branislav Počanić,"Bosiljak, Trg kulture, Tivat, Opština Tivat, 82000, Crna Gora / Црна Гора"
19.2636862959841,42.4354794959316,7617551185,doctors,doctor,Oftalens,,,,,,,,,,,,,,,,,,,,,,Bratstva i Jedinstva,,,106287192,4,2021-06-13 15:17:06+00:00,Linfindel,"Oftalens, Bratstva i Jedinstva, Drač, Podgorica, Glavni grad Podgorica, 81108, Crna Gora / Црна Гора"
19.2358915697845,42.4506768922136,7619791105,pharmacy,pharmacy,Apoteka Zdravlje,,,,,,,,,,,,yes,,,,,,,,,,Sava Čelebića,,,86625078,1,2020-06-14 13:41:54+00:00,SMNE,"Apoteka Zdravlje, Sava Čelebića, Podgorica, Glavni grad Podgorica, 81103, Crna Gora / Црна Гора"
19.2636928338685,42.4363160936873,7633139185,doctors,doctor,Kardio Lab,,,,,,,Mo-Fr 08:00-20:00; Sa 08:00-16:00,,,,,,,,,,,,,,,,,,106287192,4,2021-06-13 15:17:06+00:00,Linfindel,"Krstarica, 6, Bratstva i Jedinstva, Drač, Podgorica, Glavni grad Podgorica, 81108, Crna Gora / Црна Гора"
18.6948852336684,42.4390622566241,8007311285,pharmacy,,,,,,,,,,,,,,,,,,,,,,,,,,,92485187,1,2020-10-14 17:06:07+00:00,Sergey Krupenin,"Apoteka Latkovich, Peraška, Seljanovo, Tivat, Opština Tivat, 82000, Crna Gora / Црна Гора"
19.2684838459035,42.4402211385568,308968505,hospital,hospital,,,,,,,,,,,,,,,,,,,,,,,,,,106287192,7,2021-06-13 15:17:06+00:00,Linfindel,"Dom zdravlja, IV Proleterske brigade, Drač, Podgorica, Glavni grad Podgorica, 20000, Crna Gora / Црна Гора"
19.2626087185121,42.4456311541412,308978434,hospital,hospital,Hitna pomoć,,,,,,,,,,,,,,,,,,,,,,Vaka Đurovića,,,106287192,5,2021-06-13 15:17:06+00:00,Linfindel,"Fond za zdravstveno osiguranje, Vaka Đurovića, Podgorica, Glavni grad Podgorica, 81110, Crna Gora / Црна Гора"
19.281902518513,42.4371349218083,309274533,hospital,hospital,Dom zdravlja Konik,,,,,,,,,,,,,,,,,,,,,,Aleksandra Puškina,,,71953103,6,2019-07-06 07:50:12+00:00,Pedja,"Dom zdravlja Konik, Aleksandra Puškina, Konik, Podgorica, Glavni grad Podgorica, 20000, Crna Gora / Црна Гора"
19.0960706960143,42.0981924666006,1093735838,pharmacy,pharmacy,,,,,,,,,,,,,,,,,,,,,,,,,,126397590,3,2022-09-19 21:22:43+00:00,L29Ah,"Erste Banka, ulica Vladimira Rolovića, Topolica, Bar, Opština Bar, 85354, Crna Gora / Црна Гора"
19.2585180983063,42.4309281225084,309710011,hospital,hospital,Dom zdravlja Pobrežje,,,,,,,,,,,,,,,,,,,,,,,,,106287192,3,2021-06-13 15:17:06+00:00,Linfindel,"Dom zdravlja Pobrežje, Bracana Bracanovića, Pobrežje, Podgorica, Glavni grad Podgorica, 81108, Crna Gora / Црна Гора"
19.2433932893058,42.4462194799249,310439507,hospital,hospital,Dom zdravlja Blok 5,,,,,,,,,,,,,,,,,,,,,6,Trg Nikole Kovačevića,81000.0,Podgorica,106196851,4,2021-06-11 07:31:00+00:00,BorisBROS,"Dom zdravlja Blok 5, 6, Trg Nikole Kovačevića, Podgorica, Glavni grad Podgorica, 81000, Crna Gora / Црна Гора"
18.6961191336346,42.4307248613564,8594889517,clinic,,,,,,,,,,,,,,,,,,,,,,,,,,,103540005,2,2021-04-24 14:45:09+00:00,b-jazz-bot,"Moj Lab, Trg kulture, Tivat, Opština Tivat, 82000, Crna Gora / Црна Гора"
18.7698754391529,42.4344054388589,8596162417,clinic,,,,,,,,,,,,,,,,,,,,,,,,,,,103540202,2,2021-04-24 14:48:13+00:00,b-jazz-bot,"Moj Lab, M-1, Plagente, Dobrota, Opština Kotor, 85330, Crna Gora / Црна Гора"
18.5592126475977,42.4549889623011,8596174817,clinic,clinic,,,,,,,,,,,,,,,,,,,,,,,,,,106658657,3,2021-06-20 09:37:44+00:00,TheEdgeOfRage,"Moj Lab, Narodnog fronta, Meljine, Opština Herceg Novi, 85348, Crna Gora / Црна Гора"
19.2474090591163,42.4474411423124,8926818681,clinic,clinic,Moj Lab,,,,,,,Mo-Su 08:00-20:00,,,,,,,,,,,,,,30,Dalmatinska,81000.0,Podgorica,108141078,2,2021-07-16 21:24:41+00:00,SMNE,"Moj Lab, 30, Dalmatinska, Podgorica, Glavni grad Podgorica, 81000, Crna Gora / Црна Гора"
19.3589987609888,43.3554301657797,8993686198,pharmacy,pharmacy,Prima,,,,,,,,,,,,,,,,,,,,,,,,,109419868,1,2021-08-09 16:52:30+00:00,CRCulver,"Prima, Kralja Petra I, Pljevlja, Opština Pljevlja, 84210, Crna Gora / Црна Гора"
19.3563135344881,43.3571017687296,8993686201,pharmacy,pharmacy,Heba,,,,,,,,,,,,,,,,,,,,,,,,,109419868,1,2021-08-09 16:52:30+00:00,CRCulver,"Heba, Kralja Petra I, Pljevlja, Opština Pljevlja, 84210, Crna Gora / Црна Гора"
19.3577353567234,43.3579126340426,8993691440,dentist,dentist,Orto-Dent,,,,,,,,,,,,,,,,,,,,,,,,,109419868,1,2021-08-09 16:52:30+00:00,CRCulver,"Orto-Dent, Mila Peruničića, Pljevlja, Opština Pljevlja, 84210, Crna Gora / Црна Гора"
19.3544728685512,43.3579956987031,8993892535,dentist,dentist,ER-dental,,,,,,,,,,,,,,,,,,,,,,,,,109424664,1,2021-08-09 18:54:51+00:00,CRCulver,"ER-dental, Lovćenska, Pljevlja, Opština Pljevlja, 84210, Crna Gora / Црна Гора"
20.1674885588161,42.8418389394684,9008010435,dentist,dentist,,,,,,,,,,,,,,,,,,,,,,,,,,109701679,1,2021-08-15 13:43:22+00:00,CRCulver,"Bandžovo brdo, Rožaje, Opština Rožaje, 84310, Crna Gora / Црна Гора"
20.1621087180833,42.8401778977165,9008192510,dentist,dentist,Royal Dent,,,,,,,,,,,,,,,,,,,,,,,,,109706443,1,2021-08-15 16:00:26+00:00,CRCulver,"Royal Dent, Marsala Tita, Rožaje, Opština Rožaje, 84310, Crna Gora / Црна Гора"
18.6708586758596,42.3956927808617,9033274299,doctors,doctor,,,,general,,,,,,,,,,,,,,,,,,,,,,110193967,1,2021-08-24 21:04:13+00:00,sm4rk0,"Novo Naselje, Radovići, Opština Tivat, 85323, Crna Gora / Црна Гора"
18.6708789600653,42.3957185971235,9033274300,dentist,dentist,,,,,,,,,,,,,,,,,,,,,,,,,,110193967,1,2021-08-24 21:04:13+00:00,sm4rk0,"Novo Naselje, Radovići, Opština Tivat, 85323, Crna Gora / Црна Гора"
19.288809290547,42.4481770734111,9051380236,pharmacy,pharmacy,Maxima,,,,,,,,,,,,,,,,,,,,,,,,,110523844,1,2021-08-31 16:46:53+00:00,CRCulver,"Maxima, Đulje Jovanova, Masline, Podgorica, Glavni grad Podgorica, 20000, Crna Gora / Црна Гора"
18.8626169229972,42.2830203885563,9051788217,pharmacy,pharmacy,,,,,,,,,,,,,,,,,,,,,,,,,,111229937,2,2021-09-15 07:55:27+00:00,witkowski,"Hotel Sentido Tara, Jadranski put, Bečići, Opština Budva, 33000, Crna Gora / Црна Гора"
19.279319383593,42.4348637613245,9054348478,pharmacy,pharmacy,,,,,,,,,,,,,,,,,,,,,,,,,,110581975,1,2021-09-01 19:06:26+00:00,CRCulver,"14,16,18,20,22,24,26,28, Avda Međedovića, Stari Aerodrom, Podgorica, Glavni grad Podgorica, 81201, Crna Gora / Црна Гора"
19.2191362291597,41.9291778431722,9079361870,dentist,dentist,"PZU ""VALDENT""",Dr Valdet Spuzha,,dentist,,,,Mo-Fr 09:00-17:00,,,,,,,,,,,,,,BB,Nënë Tereza / Boško Strugar,85360.0,Ulcinj,111020415,1,2021-09-10 11:47:27+00:00,Valdetii,"PZU ""VALDENT"", BB, Bulevar Boško Strugar - Bulevardi Nëna Terezë, Meraja, Ulcinj - Ulqin, Opština Ulcinj - Komuna e Ulqinit, 85360, Crna Gora / Црна Гора"
19.2449221484447,42.4424686620738,9164464917,pharmacy,,Apoteka Maxima,,,,,,,Mo-Su 09:00-21:00,,,,,,,,,,,,,,,,,,123034342,2,2022-06-30 08:45:35+00:00,klisanor,"Univerzitet Crne Gore, Velimira Terzića, Podgorica, Glavni grad Podgorica, 81000, Crna Gora / Црна Гора"
18.694337476296,42.432009974751,9169954218,pharmacy,,,,,,,,,,,,,,,,,,,,,,,,,,,112467477,1,2021-10-13 15:29:14+00:00,dbf_,"Maxima, Pomorska, Tivat, Opština Tivat, 82000, Crna Gora / Црна Гора"
18.699841620653,42.4377821723714,9169954117,dentist,,,,,,,,,"Mo-Fr 08:00-12:00, 14:00-18:00",,,,,,,,,,,,,,,,,,112467477,1,2021-10-13 15:29:12+00:00,dbf_,"26, Pod Kuk, Seljanovo, Tivat, Opština Tivat, 82000, Crna Gora / Црна Гора"
19.2670604311065,42.4324182572545,9177510617,pharmacy,,,,,,,,,,,,,,,,,,,,,,,,,,,112598344,1,2021-10-17 05:30:45+00:00,dbf_,"62, Bulevar Mitra Bakića, Drač, Podgorica, Glavni grad Podgorica, 81108, Crna Gora / Црна Гора"
19.1002585462969,42.0987350271931,9365296001,pharmacy,pharmacy,,,,,,,,,,,,,yes,,,,,,,,,,,,,123690022,2,2022-07-16 13:38:55+00:00,sign,"4, Makedonska, Makedonsko naselje, Bar, Opština Bar, 85354, Crna Gora / Црна Гора"
19.2556310355772,42.4333522527252,9577605931,clinic,clinic,Klinika Life,,,gynaecology,,,,Mo-Sa 09:00-15:00,,,,,,,,,,,,,,37,Bulevar Crnogorskih serdara,,,119339763,2,2022-04-05 11:27:50+00:00,rjaksic,"Klinika Life, 37, Crnogorskih serdara, Stara Varoš, Podgorica, Glavni grad Podgorica, 81108, Crna Gora / Црна Гора"
19.2619275212411,42.4311835190981,9591965607,pharmacy,,Benu,,,,,,,Mo-Sa 07:00-21:00; Su 08:00-20:00,,,,,,,,,,,,,,159,Bulevar Save Kovačevića,,,120448151,2,2022-05-02 07:47:39+00:00,soliMM,"Galenika, Bulevar Save Kovačevića, Pobrežje, Podgorica, Glavni grad Podgorica, 81108, Crna Gora / Црна Гора"
18.7027224807737,42.4286056647771,9634927617,dentist,,,,,,,,,,,,,,,,,,,,,,,7,Kalimanjska II,85320.0,,119287381,1,2022-04-04 06:21:27+00:00,Nuit14,"Dental expert, 7, Kalimanjska II, Tivat, Opština Tivat, 85320, Crna Gora / Црна Гора"
19.2743767429296,42.441885616889,9659402203,clinic,,Poliklinika Filipović,,,,,,,Mo-Fr 09:00-21:00; Sa 09:00-16:00,,,,,,,,,,,,,,,,,,119595747,1,2022-04-11 21:03:17+00:00,soliMM,"Poliklinika Filipović, Ludvika Kube, Masline, Podgorica, Glavni grad Podgorica, 20000, Crna Gora / Црна Гора"
19.26511499138,42.4305779265938,9708723230,clinic,clinic,Poliklinika Diagnostica,,,,,,,,,,,,,,,,,,,,,,Bulevar Save Kovačevića,,,120449841,1,2022-05-02 08:29:41+00:00,soliMM,"Poliklinika Diagnostica, Bulevar Save Kovačevića, Drač, Podgorica, Glavni grad Podgorica, 81108, Crna Gora / Црна Гора"
19.0947303458778,42.0993586407892,9823735091,doctors,doctor,,,,,,,,,,,,,,,,,,,,,,,,,,122482921,1,2022-06-16 21:44:09+00:00,L29Ah,"Poslovni centar “Topolica”, 30, ulica učiteljice Milice Pejović Dedović, Topolica, Bar, Opština Bar, 85354, Crna Gora / Црна Гора"
19.0978957716113,42.0931122789062,9842709801,pharmacy,pharmacy,Tea Medica,,,,,,,,,,,,yes,,,,,,,,,,,,,122776319,1,2022-06-23 21:26:35+00:00,L29Ah,"Voli, Beogradska, Sokolana, Bar, Opština Bar, 85354, Crna Gora / Црна Гора"
19.0948423281042,42.0973638316529,9894680929,dentist,dentist,dental studio dr. zejak,,,,,,,,,,,,,,,,,,,,,,,,,126397590,2,2022-09-19 21:22:43+00:00,L29Ah,"8, ulica Jovana Tomaševića, Topolica, Bar, Opština Bar, 85354, Crna Gora / Црна Гора"
19.1011184457434,42.0993242749862,9919183417,pharmacy,,Beladonna,,,,,,,Mo-Su 07:00-23:00,,,,,,,,,,,,,,E-15,Muftije Karađuzovića,,,124242276,2,2022-07-29 17:57:19+00:00,dd_bb,"12, Muftije Murtezira Karađuzovića, Makedonsko naselje, Bar, Opština Bar, 85354, Crna Gora / Црна Гора"
19.0941554311391,42.0999008661055,9919320418,pharmacy,,Apoteka “Topolica”,,,,,,,"Mo-Sa 07:00-18:00, Su 08:00-12:00",,,,,,,,,,,,,,,Jovana Tomaševića,,,124242276,2,2022-07-29 17:57:22+00:00,dd_bb,"Dom Zdravlja, 32, ulica učiteljice Milice Pejović Dedović, Topolica, Bar, Opština Bar, 85354, Crna Gora / Црна Гора"
19.0944410863993,42.0982504693706,9920967685,pharmacy,pharmacy,,,,,,,,,,,,,yes,,,,,,,,,,,,,124269849,1,2022-07-30 14:08:08+00:00,sign,"15, ulica Jovana Tomaševića, Topolica, Bar, Opština Bar, 85355, Crna Gora / Црна Гора"
19.2569441445284,42.426167620601,9939618797,,hospital,Poliklinika DaVinci,,,,,,,,,,,,,,,,,,,,,,,,,124647642,1,2022-08-08 16:09:15+00:00,21g,"Poliklinika DaVinci, 4. jula, Pobrežje, Podgorica, Glavni grad Podgorica, 81106, Crna Gora / Црна Гора"
19.1008905417961,42.1005766989583,9953640815,pharmacy,pharmacy,Iva Pharm,,,,,,,,,,,,,,,,,,,,,,,,,126717576,2,2022-09-28 00:19:46+00:00,L29Ah,"11, ulica dinastije Vojisavljević, Makedonsko naselje, Bar, Opština Bar, 85354, Crna Gora / Црна Гора"
18.7398900187399,42.3889802175242,9966021617,pharmacy,,,,,,,,,,,,,,,,,,,,,,,,,,,125148142,1,2022-08-20 13:36:31+00:00,73k05,"Voli Sweet Home, M-1, Opština Kotor, 85339, Crna Gora / Црна Гора"
19.1305355731212,42.088180534717,9971881918,pharmacy,,,,,,,,,,,,,,,,,,,,,,,,"Bolnicki heliodrom, StaroBarska Čarsija, Stari Bar",,,125262435,1,2022-08-23 09:47:21+00:00,07dada,"Market 3 — d.o.o Rap Com, Ulica Crvenih košulja, Podgrad, Stari Bar, Opština Bar, 85354, Crna Gora / Црна Гора"
19.1053093973302,42.5518233294651,9976576327,pharmacy,,Apoteka Higija,,,,,,,,,,,,,,,,,,,,,11,,,,125348332,1,2022-08-25 08:36:51+00:00,Tr4sK,"Apoteka Higija, 11, Baja Sekulića, Danilovgrad, Opština Danilovgrad, 81410, Crna Gora / Црна Гора"
19.1053102355205,42.5517673383519,9976582403,pharmacy,,Kuca hemije,,,,,,,,,,,,,,,,,,,,,,,,,125348340,1,2022-08-25 08:36:56+00:00,Tr4sK,"Kuca hemije, Baja Sekulića, Danilovgrad, Opština Danilovgrad, 81410, Crna Gora / Црна Гора"
19.2345569193422,42.4521951901544,10067571134,pharmacy,pharmacy,,,,,,,,,,,,,yes,,,,,,,,,50,Vlada Ćetkovića,,Podgorica,126874077,1,2022-10-01 21:15:19+00:00,SMNE,"50, Vlada Ćetkovića, Podgorica, Glavni grad Podgorica, 81103, Crna Gora / Црна Гора"
19.0945299345729,42.0965961331412,10067753834,dentist,,Bajagić,,,,,,,,,,,,,,,,,,,,,,,,,126876751,1,2022-10-02 00:23:50+00:00,L29Ah,"4A, ulica maršala Tita, Topolica, Bar, Opština Bar, 85354, Crna Gora / Црна Гора"
19.0968398194495,42.0962953904554,9777424980,doctors,doctor,Dr Masoničić,,,,,,,,,,,,,,,,,,,,,,,,,127428861,2,2022-10-12 17:19:13+00:00,L29Ah,"14, ulica Jovana Tomaševića, Topolica, Bar, Opština Bar, 85354, Crna Gora / Црна Гора"
19.0989771209397,42.1037884766164,4407416895,pharmacy,pharmacy,,,,,,,,,,,,,,,,,,,,,,,,,,127428861,3,2022-10-12 17:19:13+00:00,L29Ah,"Franca, ulica Rista Lekića, Makedonsko naselje, Bar, Opština Bar, 85354, Crna Gora / Црна Гора"
19.0967668968919,42.0963626971379,9777426441,pharmacy,pharmacy,,,,,,,,,,,,,,,,,,,,,,,,,,127428861,2,2022-10-12 17:19:13+00:00,L29Ah,"14, ulica Jovana Tomaševića, Topolica, Bar, Opština Bar, 85354, Crna Gora / Црна Гора"
18.8523409611635,42.2879618557532,4912935421,pharmacy,pharmacy,Medicor,,,,,,,Mo-Su 07:00-22:00,,,,,,,,,,,,,,,,,,127514525,5,2022-10-14 09:38:49+00:00,roman647483,"Medicor, Kanjoša Macedonovića, Budva, Opština Budva, 33000, Crna Gora / Црна Гора"
18.8386002558341,42.2830754576601,10078038246,pharmacy,,Uniprom Pharm,,,,,,,Mo-Su 08:00-20:00,,,,,,,,,,,,,,,,,,127464021,3,2022-10-13 11:28:44+00:00,roman647483,"Hotel Budva, Slovenska obala, Stari grad, Budva, Opština Budva, 85310, Crna Gora / Црна Гора"
19.098811578352,42.0966000726357,9747553398,clinic,clinic,Dr. Zejnilović,,,general;internal;surgery;gastroenterology;urology;laboratory;cardiology;radiology;otolaryngology,,,,Mo-Sa 07:00-21:00; Su 08:00-12:00,,,,,,,,,,,,,,,,,,127697978,2,2022-10-17 23:32:14+00:00,L29Ah,"Dr. Zejnilović, Bulevar dinastije Petrović, Bjeliši, Opština Bar, 85354, Crna Gora / Црна Гора"
19.0993808772155,42.0997883809649,10110257545,dentist,,Cicmil,,,,,,,,,,,,,,,,,,,,,,,,,127698106,1,2022-10-17 23:43:31+00:00,L29Ah,"1, Dinastije Balšić, Makedonsko naselje, Bar, Opština Bar, 85354, Crna Gora / Црна Гора"
18.8630187514353,42.2843926737438,1287765615,pharmacy,pharmacy,Herbora,,,,,,,,,,,,,,,,,,,,,,,,,110864845,4,2021-09-07 14:45:51+00:00,witkowski,"Herbora, Alekse Šantića, Košljun, Boreti, Opština Budva, 33000, Crna Gora / Црна Гора"
18.8657438757951,42.2831360588201,1287765571,pharmacy,pharmacy,,,,,,,,,,,,,,,,,,,,,,,,,,112185661,3,2021-10-06 20:07:52+00:00,Arisuaq,"8, Sremskog fronta, Boreti, Opština Budva, 85316, Crna Gora / Црна Гора"
18.8463213297614,42.2885640954962,1300020405,pharmacy,pharmacy,,,,,,,,,,,,,,,,,,,,,,,,,,120307750,4,2022-04-28 13:53:32+00:00,Nuit14,"Street Food Verde, Bjelaštica, Budva, Opština Budva, 83510, Crna Gora / Црна Гора"
19.5201717787223,42.8236979864299,1308040946,pharmacy,pharmacy,,,,,,,,,,,,,,,,,,,,,,,,,,124613212,4,2022-08-07 20:53:39+00:00,ivan_mne,"81210 Kolašin, Buda Tomovića, Pažanj, Kolašin, Opština Kolašin, 81210, Crna Gora / Црна Гора"
19.5210990686704,42.8238669655979,1308041036,pharmacy,pharmacy,Kalina,,,,,,,Mo-Su 08:00-21:00,,,,,,,,,,,,,,,,,,109208789,5,2021-08-05 15:11:39+00:00,ivan_mne,"Kalina, IV Proleterske, Pažanj, Kolašin, Opština Kolašin, 81210, Crna Gora / Црна Гора"
18.5089298619169,42.4573162815363,1308675281,hospital,hospital,Institut Dr. Simo Milošević - II Faza,,,,,,,,,,,,,,yes,,,,,,,,,,,103727803,5,2021-04-27 19:16:41+00:00,Pedja,"Institut Dr. Simo Milošević - II Faza, Sava Ilića, Gomila, Igalo, Opština Herceg Novi, 85347, Crna Gora / Црна Гора"
18.9424407205846,42.2055139357392,1429968643,pharmacy,,,,,,,,,,,,,,,,,,,,,,,,,,,9270027,1,2011-09-11 11:24:48+00:00,Skengha,"Palas, II, Petrovac na Moru, Opština Budva, 85300, Crna Gora / Црна Гора"
18.5574347621156,42.4521484191347,1435491073,hospital,hospital,Vojna bolnica,,,,,,,,,,,,,,,,,,,,,,,,,106658657,5,2021-06-20 09:37:44+00:00,TheEdgeOfRage,"Vojna bolnica, Braće Grakalić, Savina, Herceg Novi, Opština Herceg Novi, 85348, Crna Gora / Црна Гора"
